,g0,eMax,eLen,eList,fid,fidnum,fid2
0,0.0769230769230769,2,2,"[2.0, 2.0]",0.2489723650867552,0.2547496530472764,0.24966981127774557
1,0.0769230769230769,3,2,"[3.0, 3.0]",0.5013138839709023,0.4995411567777172,0.502349103500827
2,0.0769230769230769,4,2,"[4.0, 3.47665854]",0.6378834987598381,0.6094660938189466,0.6381965667241338
3,0.0769230769230769,5,2,"[4.30644925, 3.42674168]",0.6471548360648565,0.6018560737774691,0.6471309026760231
4,0.0769230769230769,6,2,"[6.0, 6.0]",0.754989155740233,0.1584987306309994,0.7566804165569673
5,0.0769230769230769,8,2,"[4.74765865, 7.96119146]",0.8064567531248817,0.0968262428786864,0.8058865271620677
6,0.0769230769230769,10,2,"[4.74767124, 7.96119178]",0.8064567531510527,0.0968261092281878,0.8058864833613968
7,0.0769230769230769,2,3,"[2.0, 2.0, 2.0]",0.3326161998323286,0.3362268099795214,0.3335614521618513
8,0.0769230769230769,3,3,"[3.0, 3.0, 3.0]",0.686463006273526,0.6570968858331825,0.6879936976713908
9,0.0769230769230769,4,3,"[4.0, 4.0, 3.39113346]",0.931478106699254,0.7390382431071454,0.9320398774735803
10,0.0769230769230769,5,3,"[4.72055143, 3.93447483, 3.42195663]",0.9705181600603102,0.723089656485741,0.9704827411822299
11,0.0769230769230769,6,3,"[4.72054852, 3.93447765, 3.42196611]",0.970518160083612,0.7230892234505085,0.9704827337447404
12,0.0769230769230769,8,3,"[4.72055349, 3.93447307, 3.42196437]",0.9705181600724136,0.723089302558522,0.9704827365413523
13,0.0769230769230769,10,3,"[4.72054241, 3.93447955, 3.42196684]",0.9705181600858088,0.7230889014456287,0.97048273824782
14,0.0769230769230769,2,4,"[2.0, 2.0, 2.0, 2.0]",0.3667381647652796,0.3634341560607543,0.36776512015140406
15,0.0769230769230769,3,4,"[3.0, 3.0, 3.0, 2.49486481]",0.7375289160409334,0.6921872141589624,0.7392013871639959
16,0.0769230769230769,4,4,"[4.0, 4.0, 3.69069554, 2.26722955]",0.9911534709349434,0.7879729264952956,0.9915159628470314
17,0.0769230769230769,5,4,"[3.91054224, 4.19419975, 3.74125584, 2.38935055]",0.9963848144344094,0.77317354613414,0.996338201946886
18,0.0769230769230769,6,4,"[3.91067484, 4.19417615, 3.74119672, 2.38926212]",0.9963848143343238,0.7731756116025115,0.9963382183292253
19,0.0769230769230769,8,4,"[3.91087281, 4.19413244, 3.74111383, 2.38899123]",0.9963848139065729,0.7731736288425423,0.9963383006670137
20,0.0769230769230769,10,4,"[3.91108048, 4.19407675, 3.74109733, 2.38888909]",0.9963848135663932,0.7731675041853961,0.9963382378320318
21,0.0769230769230769,2,5,"[0.0, 2.0, 2.0, 2.0, 2.0]",0.3667381647652796,0.3634345784268513,0.36776512015140406
22,0.0769230769230769,3,5,"[3.0, 3.0, 3.0, 3.0, 1.76288565]",0.7418997116494386,0.6743682914600251,0.7434811159143109
23,0.0769230769230769,4,5,"[4.0, 4.0, 3.76745115, 2.42540346, 1.14966943]",0.9946962060303324,0.7862869133855709,0.9950095963403142
24,0.0769230769230769,5,5,"[4.34374435, 4.08254234, 3.7021404, 2.16782368, 1.19394963]",0.9993647976220836,0.7616797501493161,0.9993203302447305
25,0.0769230769230769,6,5,"[4.34368054, 4.08256458, 3.70216241, 2.16787787, 1.19392297]",0.9993647975952356,0.7616802050246565,0.9993203011949773
26,0.0769230769230769,8,5,"[4.3436844, 4.08256597, 3.70216307, 2.16788058, 1.19399855]",0.9993647975353652,0.7616782900776412,0.9993203083322714
27,0.0769230769230769,10,5,"[4.34364304, 4.0825769, 3.70215389, 2.16787156, 1.19387809]",0.99936479755165,0.7616812669043782,0.999320320598497
28,0.0769230769230769,2,6,"[0.0, 0.0, 2.0, 2.0, 2.0, 2.0]",0.3667381647652796,0.363434446866272,0.36776512015140406
29,0.0769230769230769,3,6,"[0.0, 3.0, 3.0, 3.0, 3.0, 1.76292939]",0.7418997117828088,0.674368122809087,0.7434811199946759
30,0.0769230769230769,4,6,"[0.0, 3.12325688, 4.0, 4.0, 3.05750842, 1.4690436]",0.992153761397612,0.7942471579032041,0.9924996889794128
31,0.0769230769230769,5,6,"[0.0, 4.34381746, 4.08253966, 3.70214117, 2.16775657, 1.19404062]",0.9993647975865751,0.7616723675550088,0.999320288384011
32,0.0769230769230769,6,6,"[0.73426487, 1.9599926, 4.11929175, 4.18059618, 3.47247882, 1.90559511]",0.9977436223532716,0.7797584915201979,0.9976947911287048
33,0.0769230769230769,8,6,"[4.3437632, 4.08255432, 3.70215484, 2.16770127, 1.19395091, 0.0]",0.9993647972273276,0.7616706162234721,0.9993202962865022
34,0.0769230769230769,10,6,"[0.0, 4.14140065, 2.42268225, 3.39897697, 4.85101997, 3.79594688]",0.9840162060460116,0.6725689093641071,0.9839720981231947
35,0.0769230769230769,2,7,"[0.0, 2.0, 2.0, 2.0, 2.0, 0.0, 0.0]",0.3667381647652796,0.3634343140405256,0.36776512015140406
36,0.0769230769230769,3,7,"[3.0, 3.0, 3.0, 3.0, 1.76304799, 0.0, 0.0]",0.7418997118219323,0.6743666278720656,0.7434811307328788
37,0.0769230769230769,4,7,"[4.0, 4.0, 3.76746682, 2.42533462, 1.14979777, 0.0, 0.00462229]",0.9946962042323908,0.7862882950005727,0.9950096210416037
38,0.0769230769230769,5,7,"[2.45813304, 2.63264969, 0.0, 2.73900829, 5.0, 3.89961605, 2.84728187]",0.9994715359295028,0.799989560399197,0.9994069586394217
39,0.0769230769230769,6,7,"[0.0, 0.0, 4.3434975, 4.08261798, 3.70220524, 2.16806375, 1.19387827]",0.9993647965642392,0.761684705765922,0.9993202674883952
40,0.0769230769230769,8,7,"[0.000371035297, 4.34403046, 4.08248072, 3.70211891, 2.16757135, 1.19399094, 0.0]",0.9993647962367134,0.7616672476166885,0.9993202471240035
41,0.0769230769230769,10,7,"[4.93331319, 4.53641655, 3.87160224, 1.9346153, 2.23645164, 2.49192314, 1.71765289]",0.9995013872280138,0.5511823685927834,0.9994606009027999
42,0.0769230769230769,2,8,"[0.0, 0.0, 0.0, 2.0, 2.0, 2.0, 2.0, 4.07119667e-07]",0.3667381647652775,0.3634341559597278,0.36776512015141494
43,0.0769230769230769,3,8,"[0.0, 0.0, 0.0, 3.0, 3.0, 3.0, 3.0, 1.76283273]",0.7418997114024061,0.6743689684195342,0.7434811108910254
44,0.0769230769230769,4,8,"[4.0, 4.0, 4.0, 2.95518955, 0.97831183, 0.0, 1.0529061, 1.76085499]",0.9969126156755364,0.7557436119508019,0.997104195927677
45,0.0769230769230769,5,8,"[2.62425492, 0.73103568, 0.0, 0.0, 4.7194363, 4.21095066, 3.75728116, 2.21662686]",0.9999766018356868,0.7579561470618235,0.9999208176972708
46,0.0769230769230769,6,8,"[3.80569251, 3.86981644, 3.5548285, 0.0, 3.4187931, 5.07953386, 5.51202912, 4.56363114]",0.9984904227110882,0.3130343198789744,0.9983913239156401
47,0.0769230769230769,8,8,"[2.62623711, 0.73268121, 0.2041607, 0.0, 4.72688672, 4.20952551, 3.7522844, 2.20947286]",0.9999776424610584,0.7586478722086496,0.9999218478498131
48,0.0769230769230769,10,8,"[5.12272729, 5.39492291, 5.08983577, 3.9068512, 1.97060319, 4.35602103, 3.76730415, 2.6282996]",0.9999557540164687,0.1659276694979886,0.9998373976276047
49,0.0769230769230769,2,9,"[2.0, 2.0, 8.11010579e-05, 0.0, 0.0, 0.0, 2.0, 2.0, 2.0]",0.4127356845269521,0.433159916505178,0.41374864014817136
50,0.0769230769230769,3,9,"[3.0, 3.0, 3.0, 3.0, 1.76289327, 0.0, 0.0, 0.0, 0.0]",0.7418997116772641,0.6743682271249635,0.7434811166298025
51,0.0769230769230769,4,9,"[0.0, 0.0, 4.0, 4.0, 3.76746468, 2.42546703, 1.14962237, 0.0, 0.000999952145]",0.994696205687312,0.7862899532467348,0.9950095406969066
52,0.0769230769230769,5,9,"[2.65494137, 1.41560958, 1.76083372, 0.01135456, 2.10354137, 4.74243441, 4.18134254, 3.72784886, 2.13210388]",0.999988211908403,0.7572367170107617,0.9999334711929548
53,0.0769230769230769,6,9,"[4.35462432, 3.80122018, 3.21045628, 1.18567452, 1.55843999, 3.42633654, 5.86740151, 3.8094463, 2.16299542]",0.9999426911862604,0.3564143625214709,0.9997634515141763
54,0.0769230769230769,8,9,"[3.41282104, 3.22936426, 1.71301306, 6.91485168, 4.37255935, 5.89734839, 0.0, 0.0, 3.08096247]",0.9936084429497292,0.0964816325554028,0.9932951001420965
55,0.0769230769230769,10,9,"[5.29510756, 2.05000324, 4.01250482, 1.99680511, 4.17470792, 0.76389848, 4.8826897, 1.80556449, 3.74574795]",0.9798518434930976,0.4170038682904744,0.9795474547665847
56,0.0769230769230769,2,10,"[2.0, 2.0, 2.0, 0.0, 0.0, 0.0, 0.0, 2.0, 2.0, 2.0]",0.5317215541168853,0.5515150830086533,0.5329993647336533
57,0.0769230769230769,3,10,"[3.0, 1.93635451, 1.61745316, 0.0, 0.0, 0.0, 0.0, 3.0, 3.0, 3.0]",0.8443003696514502,0.8363551885595981,0.8451576842599252
58,0.0769230769230769,4,10,"[3.49038164, 0.0, 0.0, 0.0, 2.75168283, 0.88558901, 4.0, 4.0, 4.0, 2.60935021]",0.9982988674051496,0.7358846765620299,0.9984518843741759
59,0.0769230769230769,5,10,"[3.81345726, 4.36694534, 4.41750275, 4.18863268, 4.45086541, 4.14640478, 4.4304545, 4.02646247, 3.53515406, 2.5068085]",0.9999981259801648,0.5040015232363285,0.9997033572081571
60,0.0769230769230769,6,10,"[4.61746228, 4.63921583, 4.49771625, 3.954748, 3.87821611, 3.3043185, 3.14978668, 3.4099666, 3.33729705, 2.00844876]",0.9999973559670128,0.4871286130848674,0.9999038077163837
61,0.0769230769230769,8,10,"[0.0, 5.0184056, 2.01117961, 2.37483944, 2.9788077, 4.98458655, 2.06549424, 3.00790731, 5.41824266, 2.87581117]",0.9992121565270664,0.3596808551625355,0.9990693537174116
62,0.0769230769230769,10,10,"[3.99394003, 3.97807829, 3.99891983, 4.25305314, 6.5527337, 5.45262463, 4.75377953, 4.94155475, 3.86452188, 2.92121736]",0.9999988593896032,0.0942042891917798,0.999269267898059
63,0.0769230769230769,2,11,"[2.0, 2.0, 2.0, 1.62956354, 0.0, 0.0, 0.0, 0.0, 2.0, 2.0, 2.0]",0.6138748677117486,0.6256939337345226,0.6153753776774875
64,0.0769230769230769,3,11,"[3.0, 3.0, 2.14141237, 1.71821748, 0.0, 0.0, 0.0, 0.0, 3.0, 3.0, 3.0]",0.9581443888609256,0.912088214796374,0.9584536260593581
65,0.0769230769230769,4,11,"[4.0, 3.78323189, 3.99953547, 3.49068232, 2.72282416, 0.32744249, 0.07638135, 1.85979568, 2.50356829, 2.12706333, 1.42569084]",0.999945237616635,0.8127805539795934,0.9999107630011966
66,0.0769230769230769,5,11,"[2.03244271, 3.08640201, 4.26965822, 4.70533621, 4.55322305, 4.11880881, 4.90868074, 4.31155398, 4.27202766, 2.93815482, 1.33782246]",0.9999949921728872,0.4102237254528343,0.9996131136171202
67,0.0769230769230769,6,11,"[5.33730125, 5.41474108, 5.01366266, 3.87319474, 2.97720866, 4.49011423, 3.94315069, 1.59362335, 0.0, 1.36764407, 2.53951416]",0.9999362282351788,0.1634103742213319,0.9998132815638863
68,0.0769230769230769,8,11,"[0.09996591, 0.0, 0.02333677, 3.75709449, 2.24113852, 1.89297954, 1.72726153, 6.07083036, 6.3412409, 5.4051187, 4.5768838]",0.9992895497141348,0.1048186896179246,0.9986639053934484
69,0.0769230769230769,10,11,"[4.9912055, 5.26122638, 6.0887265, 2.37140577, 6.23404604, 2.70877195, 3.88515263, 4.45474067, 3.54513314, 3.43077177, 5.15217027]",0.9990950436608276,0.0983779452031602,0.9989025199503694
70,0.0769230769230769,2,12,"[2.0, 2.0, 2.0, 2.0, 0.0, 0.0, 0.0, 0.0, 0.96726812, 2.0, 2.0, 2.0]",0.6506467034017368,0.6436681378160787,0.6521644862362372
71,0.0769230769230769,3,12,"[3.0, 3.0, 3.0, 1.66439064, 0.58456566, 0.0, 0.0, 0.0, 0.0, 3.0, 3.0, 2.57680567]",0.998664564753686,0.9320210715733104,0.9988305612135446
72,0.0769230769230769,4,12,"[2.31313424, 3.00783591, 0.0, 0.0, 1.06233684, 0.0, 0.15660283, 2.61055237, 3.44946681, 3.82153135, 3.13792614, 2.59067397]",0.9999972921904844,0.8549245534549428,0.9999648842232315
73,0.0769230769230769,5,12,"[3.42265483, 3.06285265, 3.49231561, 3.39181677, 2.94626682, 1.45595071, 0.40190348, 0.0, 0.66691055, 2.69183679, 2.94310503, 2.51440969]",0.9999990791206826,0.8929342140339908,0.9999732539468171
74,0.0769230769230769,6,12,"[2.95467664, 0.65804144, 1.08208819, 0.0, 0.82988989, 3.35657547, 3.06160131, 4.55807092, 3.64067361, 2.67363949, 0.0, 1.43055157]",0.999902588084919,0.7637116070252119,0.999854623676197
75,0.0769230769230769,8,12,"[4.36929826, 3.67709603, 4.22442313, 3.93385485, 4.85112846, 3.20924822, 1.44606373, 5.12177139, 2.12517538, 4.83693686, 4.5144061, 2.0398618]",0.9998772820290652,0.372617624777351,0.9997423758934825
76,0.0769230769230769,10,12,"[2.98708389, 5.21980671, 0.19313818, 2.94480587, 4.51473743, 2.1918745, 1.7302753, 7.39781314, 6.25692172, 6.60992896, 6.51444769, 4.67930843]",0.9967541329359808,0.1029710482036989,0.9941790816631774
77,0.0769230769230769,2,13,"[2.0, 2.0, 2.0, 2.0, 0.0, 0.0, 0.0, 0.0, 1.43624927, 2.0, 2.0, 2.0, 1.54586575]",0.6556476042603705,0.6435854649799144,0.6571579817589783
78,0.0769230769230769,3,13,"[3.0, 3.0, 3.0, 1.65365263, 0.0, 0.0, 0.0, 1.22152191, 2.14535257, 3.0, 3.0, 2.41396084, 1.64825284]",0.9995693240799596,0.9209602481015304,0.9996561474017377
79,0.0769230769230769,4,13,"[2.94037727, 2.33163804, 1.78828629, 1.53691764, 0.792807, 0.5236126, 0.8754181, 1.84818364, 3.49894809, 3.56598942, 3.4559403, 2.10826174, 1.40657165]",0.9999933220931928,0.8463579875126662,0.9999552884017036
80,0.0769230769230769,5,13,"[0.0, 3.60493346, 1.34723676, 3.02338557, 3.05343091, 2.42727582, 1.65895941, 2.66212232, 3.99856172, 1.95496447, 4.57103531, 4.03778338, 3.14276991]",0.9999917034752004,0.772287824381912,0.9999505581841363
81,0.0769230769230769,6,13,"[0.0, 0.0, 4.34550869, 4.07948309, 3.90502399, 3.21177839, 2.64707125, 0.42530779, 0.0, 2.13926982, 2.49756957, 1.38865573, 0.0]",0.999968637229155,0.7486811172492307,0.9999282138847744
82,0.0769230769230769,8,13,"[4.97048971, 5.21838584, 4.63487349, 2.13616495, 0.90812203, 4.61908624, 4.04585187, 3.50781126, 3.60906426, 5.74796522, 5.10568517, 4.9102449, 2.17998561]",0.9998603421843034,0.1046906384998195,0.999582522945667
83,0.0769230769230769,10,13,"[0.60740962, 0.48700933, 3.22209102, 0.13876112, 0.0, 0.0, 0.40428419, 0.12078881, 1.47163539, 2.07268021, 3.91285387, 3.78738111, 3.15944245]",0.9999970180849846,0.7954679606248404,0.9999612853860861
84,0.0769230769230769,2,14,"[0.0, 2.0, 2.0, 2.0, 2.0, 0.0, 0.0, 0.0, 0.0, 1.43580794, 2.0, 2.0, 2.0, 1.54572189]",0.655647604174567,0.6435872602152312,0.6571580094537205
85,0.0769230769230769,3,14,"[1.63380327, 3.0, 3.0, 3.0, 2.15583056, 0.0, 0.0, 0.0, 1.55955421, 2.41707082, 3.0, 3.0, 2.13504364, 1.58421451]",0.9996655108398042,0.9111439375690054,0.9997482873397958
86,0.0769230769230769,4,14,"[2.32243241, 0.311356, 1.68925154, 3.37609797, 2.79420661, 1.8517636, 2.00062808, 1.25809964, 2.56401952, 2.45209519, 2.76029606, 3.98158015, 3.83377598, 3.02951596]",0.9999973251973115,0.7802557669701158,0.999953940134719
87,0.0769230769230769,5,14,"[0.57526533, 3.88115073, 3.3817958, 3.02386216, 2.37396422, 2.19648459, 0.0740738, 0.22309597, 2.07740081, 3.00891305, 2.47905672, 2.7129907, 2.35241704, 2.07833117]",0.9999977556069944,0.8689770288933177,0.9999607828968806
88,0.0769230769230769,6,14,"[3.43890405, 3.47126519, 0.66021314, 3.21543406, 2.69307114, 0.95287576, 2.86121012, 2.3868275, 1.28003489, 3.53758717, 3.64743307, 3.10269474, 4.16699213, 3.79575526]",0.999986646128428,0.665794579900251,0.9999431994296046
89,0.0769230769230769,8,14,"[0.0, 5.76187523, 1.95178084, 4.65392159, 3.85087708, 0.0, 2.26650007, 3.86994715, 3.969765, 5.08231125, 0.0, 4.20251741, 4.07585387, 0.0]",0.9971050940541576,0.1898308334950783,0.996980658631379
90,0.0769230769230769,10,14,"[3.12849099, 3.57410414, 3.46863073, 6.7560521, 4.12507703, 6.33787769, 0.93925181, 0.0, 2.28141629, 7.07955375, 3.85820417, 5.02616974, 0.0, 0.0]",0.9609532090294962,0.0912030955034418,0.960522491504825
91,0.0769230769230769,2,15,"[0.0, 2.0, 2.0, 2.0, 2.0, 0.0, 0.0, 0.0, 0.0, 1.4370916, 2.0, 2.0, 2.0, 1.54615796, 0.0]",0.6556476027792626,0.6435821682602976,0.657157926371354
92,0.0769230769230769,3,15,"[0.0, 3.0, 3.0, 3.0, 1.65480827, 0.0, 0.0, 0.0, 1.223238, 2.14598059, 3.0, 3.0, 2.41392714, 1.64841355, 0.0]",0.999569324674344,0.920946697095948,0.9996561507085799
93,0.0769230769230769,4,15,"[0.674783, 1.98725721, 2.77445101, 3.37351876, 3.15248317, 2.86872136, 1.69225217, 0.9479075, 0.4195115, 1.69867812, 1.5718756, 2.95950184, 3.08234397, 2.57322173, 0.13098301]",0.9999996115404582,0.8958942508354197,0.9999628845288581
94,0.0769230769230769,5,15,"[0.64460682, 0.47055335, 0.19589962, 2.94900019, 2.57041847, 2.44196132, 0.0, 0.0, 0.0, 0.0, 0.0, 0.61413938, 3.519636, 3.5151584, 2.87628256]",0.9999840811967484,0.8724423430950615,0.9999478277315985
95,0.0769230769230769,6,15,"[5.07483191, 5.2139513, 5.1251603, 4.05192185, 2.01428393, 2.35714958, 0.5546389, 2.59299996, 2.98582865, 1.70021994, 1.74596612, 4.83016986, 4.22061646, 3.93147332, 2.43493165]",0.9999967478175,0.2135012340988059,0.999787094128999
96,0.0769230769230769,8,15,"[3.60440593, 5.44574093, 4.89788438, 5.52192329, 4.14934123, 4.88034572, 5.25414808, 3.83198761, 4.27953288, 4.49052396, 6.86153058, 2.81511124, 0.01079702, 0.51044259, 1.98984824]",0.9999900940425656,0.0978924174321875,0.9996994288574355
97,0.0769230769230769,10,15,"[9.91105527, 3.55360091, 3.61382756, 5.37748088, 5.94211522, 9.03089865, 0.0, 7.00874622, 8.02824141, 0.0, 3.84867593, 2.41933918, 4.18053044, 4.99830304, 6.83318756]",0.9783897038570598,0.0830926129046416,0.8681097471616214
98,0.0769230769230769,2,16,"[0.0, 0.0, 2.0, 2.0, 2.0, 2.0, 0.0, 0.0, 0.0, 0.0, 1.4374418, 2.0, 2.0, 2.0, 1.54598481, 0.0]",0.6556476008220861,0.6435838708145348,0.6571579159174263
99,0.0769230769230769,3,16,"[0.0, 0.0, 0.0, 3.0, 3.0, 3.0, 1.65466943, 0.000980893841, 0.0, 0.0, 1.22437095, 2.14687722, 3.0, 3.0, 2.41400326, 1.64928277]",0.9995693272894433,0.9209162430074496,0.999656260604779
100,0.0769230769230769,4,16,"[0.83093504, 0.0, 0.0, 2.10521188, 3.46665956, 2.77389036, 0.22988597, 0.1306046, 0.86739215, 0.16249172, 1.21165408, 2.85668221, 3.247835, 3.24689537, 2.85721714, 2.3522673]",0.999999527346534,0.8834627194070871,0.9999684735853408
101,0.0769230769230769,5,16,"[2.79600344, 0.11515814, 1.57825606, 2.55541797, 1.33592394, 3.34732068, 1.76514571, 0.08670706, 2.42573766, 0.0, 4.16343961, 2.13159645, 4.3383699, 4.40993962, 2.8922303, 0.0]",0.9999931832954094,0.7238673427335083,0.9999530929520806
102,0.0769230769230769,6,16,"[4.56887076, 3.95904575, 3.63500962, 1.33673201, 2.24299648, 2.81424596, 3.20708977, 2.86220916, 3.65182973, 1.4741142, 2.56716599, 3.66116189, 4.00762147, 1.61299983, 0.0, 0.0]",0.9999768360934814,0.5657512909495306,0.9999296497119134
103,0.0769230769230769,8,16,"[6.95550916, 7.30531338, 5.3267517, 5.00584695, 6.46910491, 4.63823041, 4.56043631, 6.76605801, 5.25848369, 3.59913662, 1.52251371, 7.09347373, 6.41397271, 2.72012103, 3.57387608, 1.6436082]",0.9989161850689426,0.0953340793702641,0.9973615610767964
104,0.0769230769230769,10,16,"[2.39924823, 6.75598692, 4.00655388, 9.80934102, 3.52301914, 4.57531188, 4.77755401, 2.37145202, 8.89729571, 1.62688372, 0.0, 3.94428647, 4.86795884, 0.06464267, 2.53222917, 4.26132601]",0.9849751341544676,0.0944698142796192,0.7393843619734184
105,0.0384615384615384,2,2,"[2.0, 2.0]",0.0693343496941119,0.0700516244353666,0.06938507029052032
106,0.0384615384615384,3,2,"[3.0, 3.0]",0.1527074511617436,0.1540028332326278,0.15281435434740276
107,0.0384615384615384,4,2,"[4.0, 4.0]",0.2565587278982683,0.2579761438885146,0.25671732185056495
108,0.0384615384615384,5,2,"[5.0, 5.0]",0.3575047171806047,0.3583544053295766,0.35766913451958415
109,0.0384615384615384,6,2,"[6.0, 6.0]",0.4250829030280871,0.4253653657834384,0.42517694437021003
110,0.0384615384615384,8,2,"[8.0, 5.26645491]",0.4427223806301392,0.4370308672516362,0.44272419998355184
111,0.0384615384615384,10,2,"[8.55812538, 4.38244229]",0.4429885989097298,0.429670844893797,0.4429881123116697
112,0.0384615384615384,2,3,"[2.0, 2.0, 2.0]",0.1026903248527384,0.1037229470553359,0.10276461368599465
113,0.0384615384615384,3,3,"[3.0, 3.0, 3.0]",0.2212074931568557,0.2229320477482702,0.22135326902896146
114,0.0384615384615384,4,3,"[4.0, 4.0, 4.0]",0.3502337429592187,0.3519305599276422,0.35040567703465986
115,0.0384615384615384,5,3,"[5.0, 5.0, 5.0]",0.4340454113508729,0.4352547696712443,0.4341263971063385
116,0.0384615384615384,6,3,"[6.0, 5.81055632, 4.61087461]",0.4464516339375246,0.4454757266802546,0.44645470916458496
117,0.0384615384615384,8,3,"[8.0, 0.0, 4.63373269]",0.4531429505568827,0.4376724619250374,0.4531648894854463
118,0.0384615384615384,10,3,"[8.82369016, 0.0, 3.84503147]",0.4567414315626219,0.4318505530882759,0.456740865705771
119,0.0384615384615384,2,4,"[2.0, 2.0, 2.0, 2.0]",0.1347465397377693,0.1360540318086524,0.13484283889663273
120,0.0384615384615384,3,4,"[3.0, 3.0, 3.0, 3.0]",0.2831822743530663,0.2851950563764103,0.28335559682201894
121,0.0384615384615384,4,4,"[4.0, 4.0, 4.0, 4.0]",0.4170900946102582,0.4189843414953053,0.4172268051214747
122,0.0384615384615384,5,4,"[5.0, 5.0, 2.03507362, 5.0]",0.4543589214884438,0.4562339775452525,0.4544094174329649
123,0.0384615384615384,6,4,"[6.0, 3.01701573, 0.0, 6.0]",0.4789146626212914,0.4834911563953012,0.4789988166977468
124,0.0384615384615384,8,4,"[8.0, 1.96775414e-05, 0.0, 6.3275087]",0.5465931282740003,0.4904675336398607,0.5466452116669177
125,0.0384615384615384,10,4,"[10.0, 9.27305789, 9.2952435, 8.85535542]",0.757969663309873,0.1002461661579276,0.7579298001839988
126,0.0384615384615384,2,5,"[2.0, 2.0, 2.0, 2.0, 2.0]",0.1654036123840603,0.1669449652728409,0.16552055640246655
127,0.0384615384615384,3,5,"[3.0, 3.0, 3.0, 3.0, 3.0]",0.3397501086654165,0.3419827942177287,0.33994242153489984
128,0.0384615384615384,4,5,"[4.0, 4.0, 4.0, 4.0, 4.0]",0.4607750870350717,0.4632557318851059,0.4608278198570046
129,0.0384615384615384,5,5,"[5.0, 5.0, 0.0, 2.8355665, 5.0]",0.5196402019306154,0.5197355801965724,0.5197938696256333
130,0.0384615384615384,6,5,"[6.0, 6.0, 0.0, 0.0, 6.0]",0.601309387179341,0.5965073823340196,0.6014196751463826
131,0.0384615384615384,8,5,"[8.0, 3.81214699, 0.0, 0.0, 6.77834212]",0.6752900499827558,0.6481898703222996,0.6753897926025536
132,0.0384615384615384,10,5,"[9.48491593, 8.22200133, 9.42883278, 9.2852858, 6.76332646]",0.807773885345527,0.1290072542381798,0.8032840383745977
133,0.0384615384615384,2,6,"[2.0, 2.0, 2.0, 2.0, 2.0, 2.0]",0.1946719708416762,0.1964077763310986,0.19480862162535972
134,0.0384615384615384,3,6,"[3.0, 3.0, 3.0, 3.0, 3.0, 3.0]",0.393347649102177,0.3958217000170094,0.3935563174059209
135,0.0384615384615384,4,6,"[4.0, 4.0, 4.0, 1.25045869, 4.0, 4.0]",0.5182668665555953,0.5217431033542067,0.5184302675798739
136,0.0384615384615384,5,6,"[5.0, 5.0, 3.76441869, 0.0, 3.31809733, 5.0]",0.611089296118484,0.6126110927479491,0.6112654301611422
137,0.0384615384615384,6,6,"[6.0, 6.0, 2.87424695, 0.0, 2.29466862, 6.0]",0.697358270530067,0.6933150132433131,0.6974963837754417
138,0.0384615384615384,8,6,"[8.0, 6.30999903, 6.17747933, 6.67774601, 5.26769708, 7.46517125]",0.8073995601675977,0.624203147393932,0.8074515151029481
139,0.0384615384615384,10,6,"[8.99832002, 6.40641781, 7.02975649, 8.33828822, 7.49464249, 8.24975338]",0.8717920122105961,0.1287537167221676,0.8717556352564837
140,0.0384615384615384,2,7,"[2.0, 2.0, 2.0, 2.0, 2.0, 2.0, 2.0]",0.222562839972386,0.2244529333705434,0.22271868380444415
141,0.0384615384615384,3,7,"[3.0, 3.0, 3.0, 3.0, 3.0, 3.0, 3.0]",0.4467640289333752,0.4495264895706511,0.4469939819147377
142,0.0384615384615384,4,7,"[4.0, 4.0, 4.0, 3.97676322, 0.0, 4.0, 4.0]",0.5980767450361155,0.602605500477056,0.5982667325373083
143,0.0384615384615384,5,7,"[5.0, 5.0, 5.0, 2.15196166, 0.0, 4.27974308, 5.0]",0.7107190743988264,0.711401225426802,0.7108637967808519
144,0.0384615384615384,6,7,"[6.0, 6.0, 0.0, 5.00838344, 0.0, 2.39498842, 6.0]",0.778817970687183,0.7698243418090062,0.7789775498023775
145,0.0384615384615384,8,7,"[8.0, 5.81317124, 0.0, 4.69869643, 2.11636763, 1.64430473, 6.57448982]",0.8248951120985305,0.7934997245457933,0.8249082540640501
146,0.0384615384615384,10,7,"[9.94889606, 0.0, 6.48855379, 6.70920204, 6.55062402, 5.35267446, 7.55013624]",0.9381385024764792,0.2517253771499236,0.9382146566697093
147,0.0384615384615384,2,8,"[2.0, 2.0, 2.0, 2.0, 2.0, 2.0, 2.0, 2.0]",0.2489723650867551,0.250969148209139,0.24914703341477473
148,0.0384615384615384,3,8,"[3.0, 3.0, 3.0, 3.0, 3.0, 3.0, 3.0, 3.0]",0.5013138839709024,0.5042969464306954,0.5015742569011511
149,0.0384615384615384,4,8,"[4.0, 4.0, 4.0, 4.0, 3.53009253, 0.8734978, 4.0, 4.0]",0.6799116481582858,0.6846229329783013,0.6801434256156458
150,0.0384615384615384,5,8,"[5.0, 5.0, 5.0, 1.26645396, 4.77975925, 0.0, 3.83103145, 5.0]",0.7892265104921159,0.7891491685532457,0.789391547559358
151,0.0384615384615384,6,8,"[6.0, 6.0, 1.75200062, 2.72778728, 6.0, 0.0, 0.0, 6.0]",0.8677508725959157,0.8561191880069857,0.8679470175106915
152,0.0384615384615384,8,8,"[8.0, 4.73820926, 0.0, 4.65240685, 5.18513987, 1.10200949, 0.0, 6.49177635]",0.9224759887907396,0.8784754378703762,0.9225547495994184
153,0.0384615384615384,10,8,"[9.05379363, 4.25210504, 4.05183444, 6.92081746, 6.60907859, 6.12083642, 5.93247361, 6.44342696]",0.9656475084704732,0.7729982146675183,0.9656266454042429
154,0.0384615384615384,2,9,"[2.0, 2.0, 2.0, 2.0, 2.0, 2.0, 2.0, 2.0, 2.0]",0.273620842741382,0.2756615536778479,0.27381368327778743
155,0.0384615384615384,3,9,"[3.0, 3.0, 3.0, 3.0, 3.0, 3.0, 3.0, 3.0, 3.0]",0.5557383845205055,0.5586658721430401,0.5560359158475119
156,0.0384615384615384,4,9,"[4.0, 4.0, 4.0, 4.0, 4.0, 3.01725078, 2.33951478, 4.0, 4.0]",0.7612709854280156,0.7659056491262549,0.7615013669693904
157,0.0384615384615384,5,9,"[5.0, 5.0, 5.0, 0.0, 5.0, 4.28675647, 0.0, 3.45430374, 5.0]",0.8711121397964455,0.8696774909187852,0.8712909765181087
158,0.0384615384615384,6,9,"[6.0, 6.0, 4.14900581, 0.0, 5.9031685, 2.75900669, 3.31635795, 0.0, 6.0]",0.9350294210784924,0.9253361064611412,0.9351258962610542
159,0.0384615384615384,8,9,"[8.0, 3.51488354, 5.19781792, 2.57120269, 3.76973084, 5.34534411, 1.59596108, 0.0, 6.38623885]",0.9645083481300604,0.9245427742021294,0.9645461457910893
160,0.0384615384615384,10,9,"[9.11413291, 0.9837083, 5.60603033, 1.33194622, 4.9886487, 3.85231788, 3.05816441, 0.0, 6.20611278]",0.9717888785426758,0.7914663188786488,0.9718215984904939
161,0.0384615384615384,2,10,"[2.0, 2.0, 2.0, 2.0, 2.0, 2.0, 2.0, 2.0, 2.0, 2.0]",0.2960829931386541,0.2980880773967163,0.2962927180227114
162,0.0384615384615384,3,10,"[3.0, 3.0, 3.0, 3.0, 3.0, 3.0, 3.0, 3.0, 3.0, 3.0]",0.6069437192802049,0.6093647062565564,0.6072785866278266
163,0.0384615384615384,4,10,"[4.0, 4.0, 4.0, 4.0, 4.0, 4.0, 3.40516261, 2.13973876, 4.0, 4.0]",0.8384156947423491,0.8432878771114141,0.8386388709742505
164,0.0384615384615384,5,10,"[5.0, 5.0, 5.0, 4.05679361, 2.49306284, 5.0, 4.03822133, 0.0, 3.75366861, 5.0]",0.94213275442516,0.942088466603021,0.9422544229285765
165,0.0384615384615384,6,10,"[6.0, 6.0, 3.52962159, 5.20977546, 0.0, 5.7972364, 2.09433826, 3.87251396, 0.0, 6.0]",0.974084684001404,0.9625400294758184,0.9741146571151079
166,0.0384615384615384,8,10,"[8.0, 4.06269076, 4.86785416, 3.57897954, 3.24848059, 5.51745882, 0.0, 4.00542903, 2.67461073, 5.30198992]",0.978705415624048,0.9458629693187254,0.9787058569878192
167,0.0384615384615384,10,10,"[8.23939679, 3.66807023, 5.08137625, 3.15513851, 3.66043439, 5.35184393, 0.0, 3.95519547, 3.05057049, 5.08779053]",0.9788037890595048,0.9325480648104404,0.97880201423505
168,0.0384615384615384,2,11,"[2.0, 2.0, 2.0, 2.0, 2.0, 2.0, 2.0, 2.0, 2.0, 2.0, 2.0]",0.3158847379525301,0.3177609680420258,0.31610929642097596
169,0.0384615384615384,3,11,"[3.0, 3.0, 3.0, 3.0, 3.0, 3.0, 3.0, 3.0, 3.0, 3.0, 3.0]",0.6514785086097805,0.6528660925841556,0.6518442099051582
170,0.0384615384615384,4,11,"[4.0, 4.0, 4.0, 4.0, 4.0, 4.0, 3.88956397, 3.85112561, 1.61025478, 4.0, 4.0]",0.9046230795706104,0.9085380430942565,0.9048401737019873
171,0.0384615384615384,5,11,"[5.0, 5.0, 5.0, 4.75832344, 3.26140121, 3.84495029, 5.0, 2.15222371, 3.47137114, 3.09701417, 5.0]",0.9747164355528652,0.9729733599561924,0.9747471947603734
172,0.0384615384615384,6,11,"[5.68813123, 6.0, 4.2290787, 4.85704092, 2.58862017, 4.56334832, 4.65727635, 0.0, 4.34178302, 3.0977455, 4.54222572]",0.9785791858127288,0.9715427225930352,0.978578258972357
173,0.0384615384615384,8,11,"[8.0, 0.0, 0.0, 6.519147, 3.8289075, 3.43057008, 4.14658544, 4.61957606, 1.37490409, 0.0, 5.78315995]",0.991972666547866,0.9363680172875176,0.9919800146279046
174,0.0384615384615384,10,11,"[8.20313856, 4.88316782, 4.95010018, 2.46496331, 5.57028568, 5.21263418, 6.12924026, 7.14605324, 5.27500043, 5.37460682, 6.4480323]",0.9950268269068968,0.8793603780671416,0.9950055243589179
175,0.0384615384615384,2,12,"[2.0, 2.0, 2.0, 2.0, 2.0, 2.0, 2.0, 2.0, 2.0, 2.0, 2.0, 2.0]",0.3326161998323285,0.334264976844983,0.33285288890665177
176,0.0384615384615384,3,12,"[3.0, 3.0, 3.0, 3.0, 3.0, 3.0, 3.0, 3.0, 3.0, 3.0, 3.0, 3.0]",0.6864630062735261,0.6863167922663909,0.6868476493664644
177,0.0384615384615384,4,12,"[4.0, 4.0, 4.0, 4.0, 4.0, 4.0, 4.0, 3.87411802, 4.0, 0.96209439, 4.0, 4.0]",0.9490522805509726,0.950525222162947,0.949231271179035
178,0.0384615384615384,5,12,"[5.0, 5.0, 4.97412364, 0.39461439, 5.0, 5.0, 2.41547802, 4.06647524, 5.0, 0.0, 1.58188474, 5.0]",0.9876435848446808,0.98430077517351,0.9876820621035783
179,0.0384615384615384,6,12,"[6.0, 5.74206766, 0.0, 3.21237717, 5.47534624, 4.57497886, 2.88004417, 4.40404609, 4.47630225, 0.94679926, 0.0, 5.6282119]",0.995944374829698,0.9838096752647948,0.9959448807459217
180,0.0384615384615384,8,12,"[7.87841338, 0.0, 3.25346005, 3.1012587, 5.92398192, 3.43284232, 4.55433717, 2.70009608, 4.86901371, 1.3604392, 0.0, 5.60188074]",0.9981948054687731,0.9651299839061704,0.9981915597205224
181,0.0384615384615384,10,12,"[8.00707212, 0.0, 0.0, 6.07007816, 2.97043764, 4.60764447, 4.85921361, 0.0, 5.18867456, 1.72048443, 0.0, 5.22175663]",0.9963288080618048,0.9561219033871466,0.9963302465539685
182,0.0384615384615384,2,13,"[2.0, 2.0, 2.0, 2.0, 2.0, 2.0, 2.0, 2.0, 2.0, 2.0, 2.0, 2.0, 2.0]",0.3460267061163404,0.3473544745748835,0.3462724782814146
183,0.0384615384615384,3,13,"[3.0, 3.0, 3.0, 3.0, 3.0, 3.0, 3.0, 3.0, 3.0, 3.0, 3.0, 3.0, 3.0]",0.7102899770513524,0.7082669226928987,0.7106784563110471
184,0.0384615384615384,4,13,"[4.0, 4.0, 4.0, 4.0, 4.0, 4.0, 4.0, 4.0, 3.71577367, 4.0, 1.63366753, 3.22583102, 4.0]",0.9732931916710136,0.9733240657139242,0.9734363235437318
185,0.0384615384615384,5,13,"[5.0, 5.0, 3.97936476, 0.0, 5.0, 5.0, 3.3651681, 4.40552122, 3.94421873, 3.241999, 3.03681962, 1.25579899, 5.0]",0.9975352860900624,0.9944661362682938,0.9975487919171506
186,0.0384615384615384,6,13,"[5.98592269, 4.36763002, 4.08657957, 4.20586638, 0.0, 5.9689122, 3.91588064, 2.4236889, 5.75733379, 0.70148507, 2.97502925, 0.28348945, 4.98677067]",0.9992524765727034,0.9901851186763267,0.999246846351499
187,0.0384615384615384,8,13,"[7.60351989, 0.0, 4.95760776, 3.28800964, 3.24595839, 5.05172912, 4.17401106, 2.82085837, 5.34039163, 0.0, 2.9805188, 0.0, 4.77584861]",0.9996490372745294,0.9803641024593512,0.9996461589696992
188,0.0384615384615384,10,13,"[7.14209297, 0.0, 3.95662368, 0.0, 6.29959619, 2.79779896, 5.20014279, 2.92017731, 4.48039902, 2.20592167, 4.04325936, 0.0, 4.83415421]",0.999788754244226,0.9854160368810636,0.9997851926385606
189,0.0384615384615384,2,14,"[2.0, 2.0, 2.0, 2.0, 2.0, 2.0, 2.0, 2.0, 2.0, 2.0, 2.0, 2.0, 2.0, 2.0]",0.3560746208946059,0.3570014886652569,0.3563265085231455
190,0.0384615384615384,3,14,"[3.0, 3.0, 3.0, 3.0, 3.0, 3.0, 3.0, 3.0, 3.0, 3.0, 3.0, 3.0, 2.55905406, 3.0]",0.7242537679831392,0.7210326588777245,0.72465050309202
191,0.0384615384615384,4,14,"[4.0, 4.0, 4.0, 4.0, 4.0, 4.0, 4.0, 4.0, 4.0, 3.5495041, 4.0, 1.5971311, 2.36274737, 4.0]",0.9886308801984998,0.9879321254194297,0.9887357465496256
192,0.0384615384615384,5,14,"[5.0, 5.0, 0.96215226, 4.72466271, 2.38468641, 5.0, 4.22279313, 4.58266127, 3.16955932, 4.42427585, 2.52777902, 3.53186197, 0.0, 4.77804534]",0.999979100148805,0.9972081508262172,0.9999768354233642
193,0.0384615384615384,6,14,"[6.0, 3.93027212, 4.24911622, 3.45556741, 2.3636471, 5.96376098, 2.67954526, 4.3435766, 4.68963636, 2.23773844, 3.03332176, 3.35484369, 1.92800612, 3.80971821]",0.9999716652753494,0.9950018966527212,0.9999694488758386
194,0.0384615384615384,8,14,"[5.10393544, 4.73470582, 3.40784407, 4.11191923, 1.23486741, 5.88275455, 3.39520763, 4.2940809, 4.3335168, 3.27264568, 2.8911969, 3.50517289, 1.15284563, 4.45686191]",0.9999977408459404,0.9954376879159264,0.999994971194426
195,0.0384615384615384,10,14,"[6.76537584, 3.38345178, 4.26709412, 3.82763137, 3.18752945, 4.64879297, 4.27180451, 3.3690208, 4.65887143, 3.56423912, 0.0, 3.67909039, 0.96475614, 3.90218691]",0.9999913351782106,0.9952455822007528,0.9999884506869262
196,0.0384615384615384,2,15,"[2.0, 2.0, 2.0, 2.0, 2.0, 2.0, 2.0, 2.0, 2.0, 2.0, 2.0, 2.0, 2.0, 2.0, 2.0]",0.3629025174159159,0.3633654590717069,0.36315801074707255
197,0.0384615384615384,3,15,"[3.0, 3.0, 3.0, 3.0, 3.0, 3.0, 3.0, 3.0, 3.0, 3.0, 3.0, 3.0, 2.99894914, 1.56243437, 3.0]",0.7343106134438077,0.7301403695140903,0.7347201710082124
198,0.0384615384615384,4,15,"[4.0, 4.0, 4.0, 4.0, 4.0, 4.0, 4.0, 4.0, 4.0, 4.0, 3.17006597, 4.0, 1.22723673, 1.52223483, 4.0]",0.9970531321537182,0.9954367739406206,0.9971230475622893
199,0.0384615384615384,5,15,"[5.0, 5.0, 3.90108479, 4.30924811, 3.2629029, 3.9717901, 4.71851929, 3.34714535, 4.0923567, 4.73219986, 1.16597097, 2.97098855, 3.2555226, 0.37641682, 3.50295422]",0.9999935572433166,0.9976076422365844,0.999990896345425
200,0.0384615384615384,6,15,"[5.40099944, 4.45781998, 4.40432325, 4.20533143, 3.47966919, 4.4219574, 3.47966043, 4.10848408, 4.17554179, 3.72626333, 3.95640907, 1.18789284, 2.71738696, 0.06638333, 3.91118585]",0.9999996299266148,0.9981209616494672,0.9999969190972507
201,0.0384615384615384,8,15,"[4.71951796, 4.87989256, 2.47585272, 4.91360363, 3.75016874, 4.04271319, 3.36728562, 5.08890022, 3.27743414, 3.72489319, 4.44735853, 0.0, 3.29545644, 0.06513623, 3.95473997]",0.9999966281869298,0.9978434630210288,0.9999937427937973
202,0.0384615384615384,10,15,"[1.64807704, 1.31981334, 0.0, 0.26458525, 7.68193952, 6.61424085, 3.16484653, 0.0, 0.0, 4.23987627, 6.60585796, 8.28695898, 8.27635001, 8.13542725, 7.0060088]",0.9955339789576944,0.1236680770179909,0.9955178055507955
203,0.0384615384615384,2,16,"[2.0, 2.0, 2.0, 2.0, 2.0, 2.0, 2.0, 2.0, 2.0, 2.0, 2.0, 2.0, 2.0, 2.0, 2.0, 2.0]",0.3667381647652794,0.3666855206484767,0.3669953621945895
204,0.0384615384615384,3,16,"[3.0, 3.0, 3.0, 3.0, 3.0, 3.0, 3.0, 3.0, 3.0, 3.0, 3.0, 3.0, 3.0, 2.3058144, 1.48628441, 3.0]",0.7418308281438808,0.7371557933020078,0.7422544232964884
205,0.0384615384615384,4,16,"[4.0, 4.0, 4.0, 4.0, 4.0, 4.0, 4.0, 4.0, 4.0, 4.0, 3.97615762, 2.43055998, 3.6873501, 1.95440809, 0.04559224, 3.7363291]",0.9992509750704708,0.996942891256926,0.999289640167992
206,0.0384615384615384,5,16,"[1.11324154, 4.94848628, 3.57153986, 3.68225193, 2.95851219, 3.89025271, 4.92856248, 3.5552262, 4.72932811, 3.89226154, 3.73072407, 3.31308339, 3.62594444, 2.97670721, 1.68768442, 3.75918576]",0.999999610250618,0.9983553114287268,0.999996636475586
207,0.0384615384615384,6,16,"[4.23299153, 2.21593357, 3.4027102, 3.98287688, 1.9796381, 4.06679482, 5.06827263, 3.75629147, 4.7092431, 3.79425372, 4.04313407, 3.33522477, 3.70490947, 3.2006943, 1.91074699, 3.82560947]",0.9999996689514626,0.9982888297689104,0.9999967750129337
208,0.0384615384615384,8,16,"[0.47973844, 4.81077128, 3.81820851, 3.4129233, 3.8029236, 3.41769855, 4.67542222, 3.98486348, 4.36772888, 4.22211455, 3.56801852, 3.59545351, 3.13683867, 3.4240864, 0.0, 4.04525276]",0.9999989451723902,0.9984473284427948,0.9999959722018357
209,0.0384615384615384,10,16,"[1.28641716, 6.51414256, 1.18671963, 4.88725011, 2.9062239, 5.11672421, 3.51175822, 4.04835408, 3.70536349, 4.80801317, 1.47467495, 4.22134525, 3.40433003, 0.55824647, 0.11701906, 3.71074128]",0.9999947518778086,0.9955182274134264,0.9999918894406241
